VerbalScore,MathScore,MemoryScore
1,0.487736852167175,0.189359492269354
0.487736852167175,1,0.590995261866017
0.189359492269354,0.590995261866017,1
